{"ALP": {"mean": 88.94548214285714, "variance": 4242.666067344069}, "ALT": {"mean": 54.43231632653061, "variance": 20239.64702096116}, "AST": {"mean": 72.92639540816326, "variance": 23195.255144864062}, "Age": {"mean": 64.2475, "variance": 308.30974374999994}, "Albumin": {"mean": 2.9992374999999996, "variance": 0.12901364053252554}, "BUN": {"mean": 24.697031122448976, "variance": 396.0742297061742}, "Bilirubin": {"mean": 1.1341265306122448, "variance": 7.745892497255311}, "Cholesterol": {"mean": 155.28035714285716, "variance": 122.22145089285716}, "Creatinine": {"mean": 1.3085451530612244, "variance": 1.8042610492367117}, "DiasABP": {"mean": 59.730445751298355, "variance": 101.05794157897309}, "FiO2": {"mean": 0.5125926122448979, "variance": 0.017864414200749867}, "GCS": {"mean": 11.897213860544216, "variance": 14.64058761015936}, "Glucose": {"mean": 134.6817831632653, "variance": 2477.7240071774713}, "HCO3": {"mean": 23.64008469387755, "variance": 16.517812298949398}, "HCT": {"mean": 31.524208843537412, "variance": 21.81342148574946}, "HR": {"mean": 86.57679241035159, "variance": 296.4639410347136}, "Height": {"mean": 169.92719999999997, "variance": 61.71764516000002}, "K": {"mean": 4.1145221938775505, "variance": 0.29388850639518693}, "Lactate": {"mean": 1.9258446938775506, "variance": 1.4350777295761539}, "MAP": {"mean": 79.57926623490053, "variance": 149.99554561253666}, "Mg": {"mean": 2.023313010204082, "variance": 0.11547220508583665}, "NIDiasABP": {"mean": 57.261939120063616, "variance": 168.97172037377322}, "NIMAP": {"mean": 76.10467021720245, "variance": 173.78352377237843}, "NISysABP": {"mean": 117.23915646111254, "variance": 379.9205720659735}, "Na": {"mean": 138.96964285714284, "variance": 16.468879464285717}, "PaCO2": {"mean": 39.737381292517, "variance": 49.50785636629403}, "PaO2": {"mean": 125.79783503401362, "variance": 3137.206674394555}, "Platelets": {"mean": 202.90045484693877, "variance": 9707.076995443624}, "RespRate": {"mean": 19.170060085365314, "variance": 8.1596709083117}, "SaO2": {"mean": 97.54622602040814, "variance": 4.771880518982803}, "SysABP": {"mean": 118.84605428384391, "variance": 317.4765880343202}, "Temp": {"mean": 37.02560568551772, "variance": 0.5931287303554625}, "TroponinI": {"mean": 2.19312806122449, "variance": 4.884334051967669}, "TroponinT": {"mean": 0.2571158112244899, "variance": 0.5123049738683725}, "Urine": {"mean": 128.4033505952381, "variance": 32246.475819945565}, "WBC": {"mean": 12.441418214285713, "variance": 42.24042017217164}, "Weight": {"mean": 82.34482412414965, "variance": 527.1360726015932}, "Weight(static)": {"mean": 81.24369, "variance": 513.2817188339}, "pH": {"mean": 7.388760391156461, "variance": 0.0028045817939513075}}